<object-stream>
  <java.util.Stack serialization="custom">
    <unserializable-parents/>
    <vector>
      <default>
        <capacityIncrement>0</capacityIncrement>
        <elementCount>3</elementCount>
        <elementData>
          <map>
            <entry>
              <long>0</long>
              <models.User>
                <id>0</id>
                <firstName>rgw</firstName>
                <lastName>wt</lastName>
                <email>w</email>
                <password>ww</password>
                <activities/>
              </models.User>
            </entry>
          </map>
          <map>
            <entry>
              <string>w</string>
              <models.User reference="../../../map/entry/models.User"/>
            </entry>
          </map>
          <map/>
          <null/>
          <null/>
          <null/>
          <null/>
          <null/>
          <null/>
          <null/>
        </elementData>
      </default>
    </vector>
  </java.util.Stack>
</object-stream>